Code,Year,Sum
11230,2021,2383
11230,2020,2361
11230,2019,2279
11230,2018,2263
11230,2017,2246
11230,2015,2196
11230,2014,2143
31010,2018,2091
11230,2016,2078
31010,2017,2057
31010,2019,2052
35010,2016,2051
31010,2020,2050
31010,2016,2048
35010,2021,2042
31010,2021,2031
35010,2015,2026
35010,2017,2024
11230,2013,2018
11230,2012,2014
31100,2020,2009
35010,2018,2006
31100,2021,2003
31100,2019,2000
31100,2017,2000
31100,2018,2000
35010,2013,1996
38110,2014,1986
35010,2020,1986
35010,2019,1973
31190,2020,1968
31010,2015,1967
35010,2012,1967
11230,2011,1965
38110,2021,1959
31020,2019,1958
31020,2018,1954
35010,2011,1953
38110,2015,1952
31020,2020,1950
38110,2016,1947
38110,2017,1946
31010,2011,1945
38110,2020,1943
38110,2018,1941
31100,2016,1931
31190,2019,1924
38110,2019,1922
31190,2021,1921
31020,2017,1917
31020,2021,1894
31190,2018,1875
31100,2015,1871
38110,2011,1852
38110,2012,1851
31010,2014,1841
31010,2013,1834
31100,2013,1832
31010,2012,1824
38110,2013,1817
35010,2014,1810
31020,2016,1793
31100,2011,1786
31190,2017,1778
31100,2012,1775
31020,2015,1731
31100,2014,1725
31190,2016,1712
31190,2015,1690
31020,2013,1662
31020,2012,1653
31190,2014,1641
31240,2021,1631
31020,2011,1624
31020,2014,1606
31190,2013,1591
31190,2012,1588
31190,2011,1544
31240,2020,1537
33040,2016,1467
33040,2015,1458
33040,2014,1456
33040,2017,1455
33040,2021,1440
33040,2018,1413
33010,2011,1411
33040,2019,1403
33040,2020,1400
31240,2019,1399
33010,2012,1372
33010,2013,1349
31220,2015,1337
31050,2012,1323
31050,2011,1321
31050,2020,1267
31050,2015,1267
31240,2018,1265
34010,2021,1264
31050,2018,1260
31050,2016,1260
31050,2017,1257
31050,2021,1256
34010,2020,1253
31050,2019,1251
34010,2019,1245
31050,2013,1226
34010,2018,1217
34010,2017,1188
31050,2014,1185
11220,2015,1181
11240,2012,1176
11240,2011,1172
38070,2017,1155
38070,2016,1150
11220,2020,1148
11220,2021,1146
38070,2015,1145
31240,2017,1143
38070,2019,1141
34010,2015,1138
38070,2011,1136
31090,2011,1134
31040,2012,1132
11220,2018,1130
38070,2020,1129
38070,2012,1128
38070,2021,1126
31040,2011,1122
31090,2012,1122
11220,2019,1119
38070,2018,1118
11240,2013,1118
11240,2019,1115
11240,2014,1115
31040,2016,1114
34010,2016,1113
11240,2016,1109
31040,2015,1108
26020,2017,1101
11240,2015,1100
31040,2017,1094
11240,2017,1093
26020,2018,1091
11220,2017,1090
31040,2014,1089
26020,2016,1087
11220,2016,1087
11220,2014,1085
31130,2021,1079
26020,2011,1078
11240,2020,1076
31040,2018,1073
34010,2011,1073
34010,2012,1069
31090,2013,1065
31090,2014,1065
11150,2018,1062
31090,2015,1062
31240,2016,1062
31130,2020,1059
26020,2012,1059
31040,2019,1056
34010,2013,1056
34010,2014,1056
11150,2017,1052
31040,2020,1052
11240,2018,1051
11220,2013,1050
11240,2021,1045
26020,2019,1045
26020,2015,1042
11150,2016,1039
11150,2019,1037
31040,2013,1032
11150,2015,1031
31090,2017,1025
26020,2014,1024
31090,2016,1014
38070,2014,1014
38070,2013,1012
26020,2020,1009
11220,2012,1008
11150,2020,1008
31090,2018,1005
22070,2021,1000
31040,2021,998
22070,2020,991
22060,2020,991
22060,2021,988
11150,2014,987
22060,2019,979
11150,2021,979
22070,2018,978
22070,2019,977
11220,2011,976
22060,2018,976
26020,2013,975
11150,2013,973
31090,2019,973
31130,2019,972
11150,2012,969
22060,2017,964
26020,2021,960
31090,2020,959
22060,2012,954
24040,2017,954
24050,2018,952
24040,2014,952
22070,2017,950
24050,2016,948
24040,2013,948
22060,2013,948
31240,2015,948
24040,2015,947
22060,2016,946
22060,2014,945
24050,2017,944
24050,2019,940
24050,2015,935
22060,2015,934
24040,2016,932
24050,2020,929
24040,2019,923
11150,2011,923
38030,2011,922
31090,2021,922
31130,2018,918
22060,2011,917
22070,2011,914
22070,2016,914
24050,2021,913
24040,2021,911
24040,2020,910
24050,2014,905
31240,2012,904
31130,2017,901
22070,2014,897
39010,2021,890
25030,2021,890
25030,2018,885
31230,2021,884
22070,2015,883
37050,2017,877
38030,2021,876
38030,2018,872
25030,2019,871
31130,2016,870
25030,2020,868
38030,2020,867
25030,2017,867
38030,2019,866
25030,2016,865
25030,2015,864
37050,2012,864
24040,2018,863
38030,2017,862
39010,2020,860
22070,2013,857
39010,2019,853
38030,2012,851
25030,2011,848
39010,2018,847
25030,2013,843
37050,2016,843
39010,2015,840
37050,2011,839
25030,2012,833
37050,2021,832
39010,2014,832
39010,2016,830
37050,2014,829
37050,2018,829
39010,2017,829
31230,2020,827
24050,2013,826
37050,2020,825
37010,2011,824
24020,2014,823
37010,2012,823
31240,2014,822
31240,2013,822
37050,2019,822
24020,2016,821
24020,2015,818
37050,2013,817
23080,2020,816
25030,2014,815
31150,2021,811
31130,2015,809
24020,2017,808
39010,2013,807
38030,2013,806
37010,2013,806
39010,2012,805
23080,2021,804
31130,2012,802
38030,2016,800
37010,2014,798
37010,2017,796
31130,2011,794
11110,2016,794
24020,2013,794
38030,2015,792
11110,2014,791
31150,2020,790
39010,2011,784
37010,2015,782
11110,2015,780
31240,2011,777
37050,2015,777
11110,2017,775
31130,2014,771
24020,2018,771
37010,2016,769
37010,2019,764
38030,2014,764
23080,2019,763
37010,2018,762
31230,2019,762
37010,2021,761
23050,2020,761
22070,2012,759
11250,2011,757
37010,2020,754
31130,2013,753
11250,2012,752
24020,2019,752
23060,2011,748
11110,2018,747
31070,2021,745
23060,2012,745
23050,2021,744
11110,2019,740
31030,2020,738
23050,2019,738
31070,2020,737
31150,2019,732
11250,2015,731
11250,2014,729
23080,2018,726
11250,2020,724
23050,2018,723
11250,2016,723
23040,2021,720
31030,2019,718
11110,2020,718
11250,2013,718
24020,2020,716
31030,2018,715
31070,2019,715
11160,2017,713
31030,2021,712
31030,2017,708
11160,2016,708
36020,2011,707
11160,2018,707
11160,2015,706
36020,2012,706
31070,2018,705
24020,2021,704
31070,2017,698
11160,2021,697
11160,2020,694
11160,2019,693
11140,2021,692
21090,2021,691
23050,2017,690
11140,2020,689
23040,2020,688
31150,2018,686
23060,2013,685
31230,2018,684
11110,2021,684
21090,2012,684
11140,2019,683
23080,2017,682
23060,2016,679
35030,2016,678
11160,2012,677
23060,2017,676
23060,2014,675
31030,2016,675
11160,2011,673
21090,2020,673
11250,2019,672
31030,2013,671
22050,2011,671
35030,2015,671
11160,2014,671
35030,2011,670
11250,2017,669
23060,2015,668
11160,2013,667
32020,2011,663
31030,2011,663
35030,2017,663
31200,2021,662
23060,2018,662
31030,2015,661
31070,2016,660
21090,2019,660
31030,2014,659
31150,2011,659
31200,2020,659
31030,2012,658
35030,2012,657
21090,2017,656
21090,2016,656
11250,2021,654
23060,2019,650
23060,2020,649
23050,2016,649
23060,2021,649
23040,2019,648
31070,2015,647
31150,2012,646
21050,2011,646
31070,2014,646
35030,2018,645
21090,2011,645
11110,2012,645
11140,2018,644
21090,2015,643
36020,2013,641
24050,2011,639
22050,2021,638
11250,2018,638
21090,2018,637
35030,2014,636
31150,2017,635
31070,2013,635
35030,2013,634
35030,2019,628
31070,2011,628
22050,2016,627
22050,2019,625
23080,2016,623
21090,2013,620
31230,2017,619
22050,2020,619
23040,2018,617
22050,2017,617
22050,2012,617
31070,2012,617
24030,2021,616
11140,2017,616
31150,2013,615
32020,2021,614
22050,2013,613
23050,2012,613
21090,2014,612
35030,2020,611
31200,2019,609
35020,2012,608
36020,2014,605
22050,2015,604
32020,2018,603
32020,2020,603
11140,2016,603
24030,2020,599
22050,2018,598
36020,2015,597
22050,2014,597
38100,2021,597
32020,2019,596
31150,2014,595
32020,2017,595
23050,2015,594
35030,2021,594
35020,2016,593
31150,2016,593
11110,2013,593
21050,2020,593
32020,2013,592
36030,2011,585
21050,2021,584
23050,2013,584
24040,2011,583
32020,2016,582
11140,2012,582
32020,2012,581
21050,2016,581
21050,2019,581
21050,2012,581
38100,2020,579
21060,2021,578
11140,2014,577
21050,2017,576
11140,2011,574
31150,2015,574
31200,2018,573
24030,2019,573
36020,2016,573
35020,2017,573
32020,2014,571
32020,2015,571
21050,2015,571
25040,2021,569
23050,2011,568
36010,2013,568
36020,2017,568
35020,2018,567
23040,2017,566
11140,2015,565
31060,2018,565
23080,2014,559
38100,2019,559
31230,2016,559
23080,2012,559
11140,2013,558
31060,2017,557
23080,2013,556
35020,2015,555
23050,2014,554
21060,2020,554
24030,2018,554
11210,2011,554
36030,2017,553
23080,2011,552
31230,2011,552
35020,2019,551
36020,2018,551
35020,2013,551
25040,2020,549
36010,2015,549
21050,2018,548
24050,2012,547
31060,2019,547
31060,2020,547
35020,2020,546
24020,2011,543
35020,2014,543
24030,2017,543
36030,2019,542
31060,2016,540
36030,2020,539
36030,2015,539
35020,2021,537
38100,2018,537
25040,2019,537
24030,2016,537
21050,2014,536
21050,2013,536
21060,2019,536
23080,2015,536
11120,2012,536
36030,2021,535
36030,2012,533
11120,2011,532
25040,2018,532
25040,2017,530
24020,2012,529
35020,2011,528
21100,2011,528
31060,2021,527
21100,2012,525
11120,2019,525
36020,2019,523
24030,2015,523
25040,2016,523
11120,2017,521
11120,2018,521
31200,2017,520
21060,2018,519
31060,2015,519
11120,2020,519
36010,2012,519
36030,2018,518
11120,2015,515
31230,2015,514
36010,2016,514
23040,2016,513
31060,2014,512
21060,2017,510
21100,2013,510
11120,2021,509
36010,2014,508
31060,2013,508
36010,2017,508
24040,2012,504
21060,2016,503
24030,2014,503
36030,2014,502
36020,2020,502
36030,2013,502
25040,2015,500
36020,2021,500
21060,2011,496
23040,2015,496
38100,2017,495
36010,2011,494
26010,2011,492
36010,2018,491
21060,2015,491
11200,2021,487
11120,2013,485
36010,2019,485
31060,2011,485
11080,2012,484
21100,2014,484
36030,2016,483
31060,2012,482
24030,2013,481
31200,2016,480
21060,2014,480
21060,2013,479
11210,2013,478
11190,2011,477
36010,2020,475
21060,2012,472
11210,2012,472
11200,2017,472
21100,2015,472
11200,2020,471
11190,2016,471
11190,2017,470
11120,2016,469
38090,2012,468
11190,2018,467
11080,2013,466
11200,2016,466
11200,2013,465
11200,2019,465
11080,2018,464
21080,2011,464
38100,2016,463
11210,2014,463
25040,2014,462
36010,2021,462
38090,2017,461
23040,2014,461
26010,2018,459
25040,2012,459
31200,2011,458
11190,2012,458
25040,2013,458
11200,2018,458
11080,2017,457
32010,2012,457
11110,2011,456
11210,2016,456
21100,2017,455
38100,2015,455
11210,2017,455
11080,2014,455
26010,2012,453
26010,2019,453
32010,2011,453
32010,2013,453
11080,2016,453
32010,2017,453
26010,2020,452
38090,2015,452
31200,2015,452
26010,2016,451
11080,2021,451
21100,2016,451
11210,2018,450
11050,2012,450
11080,2019,450
11190,2013,450
21080,2012,449
11080,2011,449
38090,2016,449
38090,2018,449
26010,2017,448
11190,2014,448
11190,2015,447
38090,2013,447
25040,2011,446
11210,2015,446
32010,2014,446
11050,2015,446
32010,2016,446
11190,2019,446
31160,2017,445
11190,2020,445
11200,2015,445
26010,2021,444
31160,2018,444
32010,2018,444
11210,2019,443
31230,2014,442
32010,2015,442
11050,2017,442
11200,2014,441
32010,2021,440
21100,2018,440
11190,2021,440
11080,2020,439
11050,2014,438
38090,2019,437
26010,2015,437
23070,2012,437
31160,2019,436
11120,2014,436
31160,2020,436
21080,2013,435
11210,2021,434
11080,2015,433
11170,2017,431
11210,2020,431
38090,2020,430
21100,2019,430
32010,2020,430
31200,2013,430
11050,2018,430
32030,2011,430
38090,2021,429
11050,2016,429
11200,2012,429
11170,2018,427
11050,2011,427
11170,2011,426
38090,2011,426
11050,2021,426
31160,2016,426
31160,2013,425
21080,2015,425
38100,2014,425
31250,2020,424
11200,2011,424
31160,2021,424
23040,2013,424
31250,2021,422
32010,2019,421
31230,2013,421
32030,2020,420
23040,2012,420
32030,2021,420
11050,2013,420
21100,2021,419
23070,2013,419
31200,2012,419
26040,2021,418
21100,2020,418
38100,2013,418
38100,2011,418
32030,2013,414
21080,2016,414
21080,2014,414
31200,2014,413
34040,2020,413
38090,2014,412
11170,2016,411
23070,2014,409
31160,2011,409
22020,2021,408
35310,2014,408
31250,2019,408
21080,2017,408
32030,2017,408
11170,2013,407
21080,2020,407
34040,2021,407
11050,2019,406
23040,2011,406
22310,2021,406
11170,2019,406
32030,2016,406
32030,2019,405
11050,2020,405
21080,2021,404
31250,2018,404
34040,2019,404
34040,2018,403
26010,2013,403
31160,2012,403
31180,2021,403
38100,2012,401
22310,2020,401
21110,2011,401
31160,2015,400
23070,2011,400
23070,2017,400
32030,2015,399
34040,2017,398
37020,2012,398
37020,2011,398
32030,2018,398
22020,2020,398
22020,2019,397
23030,2012,397
21080,2018,396
31210,2020,395
21110,2018,395
11170,2020,394
32030,2012,394
31160,2014,394
21110,2020,394
21110,2021,394
21080,2019,394
34040,2016,394
11170,2012,393
26010,2014,393
11170,2015,393
31250,2017,392
23070,2018,392
21110,2016,392
21110,2019,391
26040,2020,391
31230,2012,391
21110,2017,390
11170,2014,390
31210,2011,390
31210,2021,390
26310,2019,389
26310,2018,388
22310,2019,387
26310,2020,387
11170,2021,386
26310,2012,386
31120,2019,386
23070,2016,385
11100,2014,385
22020,2018,384
32030,2014,384
31120,2020,384
23090,2020,382
31210,2012,382
23030,2018,381
31210,2019,380
23030,2017,380
21110,2013,380
26310,2017,379
31210,2018,379
23070,2019,378
21110,2012,377
26040,2019,377
26310,2011,376
37100,2021,376
21110,2015,376
26310,2021,375
23070,2020,375
31120,2021,375
11100,2016,374
23070,2015,373
22020,2017,372
34040,2015,372
31250,2016,372
26040,2018,372
22310,2018,371
23090,2021,371
26310,2016,370
37100,2020,369
11060,2019,368
21070,2011,368
31210,2013,368
31250,2015,368
31180,2020,368
23090,2019,367
37020,2014,367
11100,2015,366
23030,2013,366
26310,2015,366
31210,2017,365
23070,2021,365
21110,2014,365
37020,2013,363
22020,2012,363
11060,2018,363
31120,2018,363
31210,2015,363
22020,2016,362
31120,2012,362
23030,2015,361
11100,2017,360
31250,2014,360
31210,2016,360
26040,2017,360
11060,2017,360
11060,2021,359
34040,2014,359
37020,2016,358
37020,2017,358
25020,2016,357
22020,2015,357
22020,2013,357
31210,2014,356
26310,2014,356
23030,2016,355
24030,2011,355
11060,2016,355
31120,2011,355
25020,2013,355
11070,2011,354
37100,2019,353
21070,2021,353
11060,2011,352
26040,2011,352
11130,2016,351
21070,2020,350
26040,2012,350
11060,2020,350
25020,2015,349
11060,2015,349
25020,2012,349
37020,2015,349
25020,2018,348
11130,2020,348
26040,2016,348
23030,2014,348
25020,2017,347
26040,2015,346
11130,2019,346
26310,2013,345
11130,2018,345
37020,2018,344
25020,2019,343
37020,2019,343
25020,2011,343
31120,2017,343
11130,2011,343
21070,2012,343
22020,2014,342
11130,2021,342
11130,2017,342
11100,2012,341
31120,2014,341
34040,2012,341
21140,2011,340
21070,2019,340
21140,2012,339
31250,2012,339
33020,2012,339
37020,2021,339
25020,2021,337
22020,2011,336
31120,2013,336
11100,2018,335
34040,2011,334
33020,2014,334
25020,2020,334
37020,2020,333
33020,2013,332
25020,2014,332
31120,2016,332
31250,2011,332
37100,2018,331
11060,2013,331
37100,2017,331
11070,2012,330
11130,2012,330
11060,2014,328
21070,2017,326
21070,2018,325
33020,2011,323
33020,2015,322
31120,2015,322
11070,2013,321
22310,2017,321
21070,2016,321
26040,2014,320
21070,2013,320
11130,2014,319
11130,2013,319
37100,2015,319
31250,2013,319
21070,2015,319
24010,2013,319
37100,2011,318
31180,2019,317
37100,2016,317
21070,2014,317
11100,2019,317
21140,2015,315
26040,2013,315
11060,2012,315
37100,2014,315
24010,2014,314
11040,2018,314
22010,2019,312
24010,2015,312
21140,2013,308
22010,2018,308
24010,2017,307
11070,2016,306
26030,2011,302
21130,2021,302
33020,2016,302
11130,2015,301
31140,2021,301
21130,2020,300
11010,2011,299
24030,2012,299
34040,2013,299
21130,2011,298
33020,2020,298
11070,2015,297
11010,2017,297
33020,2021,297
11100,2020,297
24010,2016,296
22010,2017,295
11040,2017,295
33020,2017,294
21140,2017,294
37100,2013,293
11040,2019,293
22310,2016,293
21140,2016,293
21130,2019,292
33020,2019,292
21130,2014,292
33020,2018,291
21130,2016,291
31140,2020,290
11040,2021,290
22010,2016,289
11040,2020,289
24010,2021,289
11070,2017,288
26030,2015,288
11040,2011,287
26030,2012,287
37100,2012,286
26030,2016,286
11100,2021,285
24010,2020,285
21130,2015,284
24010,2019,284
31140,2019,283
21130,2018,283
21130,2013,282
22010,2021,282
22010,2015,281
11010,2013,280
21130,2012,280
21130,2017,280
25050,2011,279
22310,2011,279
22010,2014,279
11040,2016,279
22010,2020,279
26030,2017,278
31260,2021,278
31180,2018,278
11010,2012,278
11010,2016,278
36060,2014,277
26030,2018,276
26030,2019,276
11070,2019,276
21140,2020,275
21140,2019,275
21140,2018,275
36060,2015,275
11040,2015,275
25050,2012,275
11010,2018,274
31140,2018,274
11040,2012,274
22010,2012,274
22010,2013,274
11010,2014,273
11070,2018,273
22010,2011,272
22310,2014,272
11100,2011,270
21140,2021,269
36060,2011,267
36060,2013,267
31260,2020,266
21140,2014,265
26030,2013,265
36060,2017,264
26030,2021,264
22310,2012,264
22310,2015,264
26030,2020,264
11100,2013,263
25050,2013,263
11040,2013,262
24010,2018,262
11070,2020,262
11040,2014,262
34050,2011,262
25050,2015,261
21310,2021,261
11010,2015,261
25050,2016,261
36060,2016,260
31140,2012,260
21150,2011,259
11010,2019,259
34050,2013,259
26030,2014,258
36060,2020,258
31260,2019,257
22310,2013,257
11070,2021,257
36060,2019,256
25050,2017,255
11090,2011,254
36060,2018,254
11090,2012,254
31220,2012,254
31140,2017,254
34050,2014,253
37040,2019,252
25010,2011,252
21120,2021,251
36060,2012,251
25010,2012,251
31220,2011,249
11090,2013,248
25050,2014,248
31140,2015,248
37040,2018,248
36060,2021,248
31220,2013,247
37040,2017,245
31260,2018,245
25050,2018,244
21150,2012,244
11010,2020,243
37040,2020,243
31140,2016,243
31140,2011,242
38050,2012,242
25010,2013,240
37040,2021,240
31220,2014,239
25050,2019,239
25010,2015,236
38050,2015,236
38050,2011,236
38050,2017,236
37040,2016,235
31180,2017,235
38060,2011,234
11090,2014,234
38050,2014,234
31220,2019,233
34050,2018,233
11090,2016,233
21310,2020,232
31260,2017,232
25050,2020,231
38050,2013,230
34050,2020,230
25010,2014,229
25010,2016,229
31220,2018,229
34050,2017,229
37040,2013,229
37040,2012,228
11180,2011,228
34050,2021,227
11090,2015,227
37040,2015,227
34050,2019,227
11090,2017,227
31220,2021,227
36410,2014,226
31260,2016,226
31220,2016,226
31220,2017,226
21150,2013,226
38060,2012,225
31140,2014,225
31140,2013,225
31220,2020,225
25010,2017,225
37040,2011,225
11180,2019,224
38050,2019,224
38050,2020,223
21120,2020,223
11180,2018,222
25050,2021,222
38050,2018,222
38050,2021,220
37420,2014,220
25010,2021,219
11090,2018,218
34050,2012,218
38060,2013,218
37040,2014,218
11010,2021,217
38050,2016,217
25010,2020,216
38060,2015,216
11180,2017,215
38060,2016,215
21310,2019,215
34080,2021,215
34050,2015,215
11180,2013,214
25010,2018,214
11180,2012,213
11180,2014,212
11180,2020,212
35040,2013,212
25010,2019,211
38060,2014,211
36420,2021,210
11090,2021,210
11180,2016,210
11180,2015,209
11090,2019,209
34080,2020,209
21150,2014,209
11180,2021,208
31280,2015,208
11090,2020,206
38060,2019,206
34050,2016,205
39020,2021,205
38320,2014,204
34080,2018,204
38060,2018,204
38060,2017,204
35040,2015,203
38060,2020,203
31260,2015,203
35040,2011,203
34080,2016,202
21150,2015,202
38060,2021,200
34080,2019,200
34080,2017,198
11070,2014,198
35040,2016,198
37390,2016,197
31260,2013,197
31180,2012,196
31170,2011,196
33030,2013,195
21150,2016,194
33030,2014,194
33030,2015,194
35040,2018,193
35040,2017,193
31170,2014,193
33030,2016,193
21310,2017,193
21310,2018,192
22030,2012,192
21150,2017,191
39020,2020,191
37390,2017,189
34080,2014,189
33030,2018,188
31260,2014,188
36420,2020,188
34080,2015,187
33030,2017,187
31180,2011,186
37060,2012,186
34080,2012,186
21120,2019,185
31170,2016,185
37390,2015,184
31170,2021,183
22030,2013,183
31170,2017,182
34390,2011,182
21310,2016,182
22040,2011,181
31180,2013,181
31180,2014,181
35040,2019,181
21150,2018,181
31170,2015,181
37390,2018,181
37060,2011,180
37390,2011,180
35040,2012,180
31170,2012,180
31260,2012,179
33030,2011,179
34080,2013,179
37060,2015,178
31170,2018,178
21150,2021,177
35040,2020,177
35040,2021,177
33030,2012,177
33030,2019,177
31260,2011,176
22030,2011,176
37390,2014,176
31170,2013,176
37060,2013,176
31170,2020,176
39020,2012,175
31170,2019,175
37060,2017,175
21150,2020,175
11030,2017,175
37060,2016,175
33030,2020,174
38080,2011,174
37390,2012,174
37390,2019,173
37390,2020,173
39020,2019,173
31180,2016,173
37060,2014,173
39020,2011,173
22030,2016,173
37390,2013,172
36420,2019,172
35040,2014,171
38080,2012,171
37390,2021,171
21150,2019,171
39020,2013,171
33030,2021,170
39020,2018,170
36040,2021,169
34020,2011,169
21310,2015,169
37060,2019,169
37060,2020,169
37060,2021,168
39020,2014,167
22030,2015,167
31180,2015,167
37060,2018,167
11030,2012,166
11030,2013,166
22030,2014,166
38080,2015,166
39020,2016,166
39020,2015,166
22030,2017,166
39020,2017,165
11030,2016,165
36040,2020,164
36040,2017,163
11030,2015,163
32040,2011,163
11030,2014,162
24010,2011,161
11030,2011,161
32040,2013,161
36040,2019,161
38080,2013,160
36420,2018,160
24010,2012,159
22030,2018,159
11030,2018,158
38080,2014,158
21120,2018,158
32040,2012,156
32060,2014,155
11030,2019,155
32040,2014,154
32060,2011,154
11030,2020,154
22040,2014,153
23010,2021,152
35050,2012,151
35310,2021,151
32060,2012,150
38080,2016,150
22040,2013,150
22040,2015,149
35310,2020,149
34020,2012,148
31270,2016,148
32060,2013,148
38080,2019,147
33310,2011,146
35050,2011,146
36420,2017,146
32040,2019,145
22030,2019,145
38080,2017,145
34360,2020,144
32040,2018,144
11020,2011,144
34360,2021,143
38080,2020,143
34020,2014,143
11020,2012,142
34030,2013,142
38080,2018,142
31270,2017,142
38080,2021,141
21020,2012,141
21020,2011,141
31320,2011,140
35310,2019,140
22040,2016,140
31270,2018,140
21310,2014,140
32040,2021,139
22030,2020,139
32040,2020,138
34020,2013,138
32040,2017,138
34020,2015,137
11030,2021,137
34030,2011,137
34060,2011,137
36420,2016,136
23010,2020,136
37030,2017,136
34360,2019,136
22030,2021,136
31270,2011,136
31270,2015,136
32040,2015,135
31270,2012,135
11020,2013,135
31270,2013,134
35310,2018,134
34020,2017,133
36040,2018,132
31270,2019,132
34020,2018,132
34030,2017,131
34020,2016,131
37030,2018,131
34030,2016,130
34060,2017,130
22040,2017,130
11020,2014,129
31320,2012,129
21020,2013,129
34030,2018,128
21120,2017,128
31270,2020,128
11020,2017,128
32060,2017,128
35310,2017,127
22040,2018,127
11020,2016,127
34060,2018,127
37030,2021,127
37030,2013,127
37030,2016,127
34360,2018,126
32060,2019,126
37030,2011,126
11020,2015,126
22040,2019,126
37030,2019,125
31320,2013,125
35050,2014,125
32040,2016,125
34030,2015,124
21310,2012,124
34060,2016,124
33310,2012,124
31270,2021,124
37030,2015,124
34030,2019,124
34360,2017,124
34020,2019,124
31280,2020,123
35060,2011,123
32060,2016,123
35050,2016,123
22040,2020,123
33310,2013,122
37030,2020,122
34030,2020,122
37030,2014,122
37030,2012,122
34030,2012,122
34060,2021,122
34060,2019,122
37080,2011,122
21020,2014,122
34030,2014,121
34020,2020,121
21310,2013,121
34360,2011,121
34060,2012,121
35050,2015,121
31280,2021,120
34030,2021,120
21020,2015,120
34360,2012,120
35050,2018,120
31280,2018,120
21310,2011,119
34060,2020,119
11020,2018,119
22040,2012,119
35050,2013,119
35050,2017,119
32060,2015,118
11020,2019,118
21040,2011,118
21020,2021,117
32060,2020,117
34360,2016,117
35050,2019,116
35310,2016,116
37080,2013,116
32060,2018,116
35050,2020,115
31280,2014,115
34370,2011,115
21020,2016,114
31280,2016,114
32070,2012,114
37080,2015,114
32060,2021,114
34060,2013,113
37080,2012,113
34020,2021,113
31270,2014,113
36420,2015,113
34060,2014,113
31280,2017,113
21020,2020,113
37080,2017,112
35310,2012,112
31080,2011,111
34060,2015,111
37080,2014,111
31280,2019,111
21020,2019,110
34360,2014,110
35310,2015,110
22040,2021,110
11020,2020,109
35050,2021,109
21020,2017,108
37080,2016,108
37080,2018,108
21040,2012,108
21020,2018,108
23010,2019,108
34360,2013,108
35060,2012,107
36420,2014,107
31080,2012,106
35310,2011,106
38390,2012,105
37070,2011,105
31080,2013,105
34370,2012,105
31080,2014,105
37080,2019,104
36370,2012,104
36370,2011,104
37070,2017,104
31380,2021,104
37090,2011,103
34360,2015,103
33370,2012,102
36370,2013,102
21030,2011,101
34380,2018,101
23010,2018,101
35310,2013,101
35060,2013,101
38390,2011,100
31080,2015,100
31380,2020,100
33350,2020,99
33370,2013,99
37090,2013,99
33370,2017,99
31080,2017,99
38390,2014,99
21040,2013,98
37070,2012,98
37090,2012,98
33350,2021,98
31080,2019,98
38390,2015,97
36420,2013,97
37080,2020,97
37080,2021,96
31080,2016,96
35060,2020,96
32070,2011,96
36370,2016,96
34370,2013,96
37070,2013,96
31080,2018,96
21040,2014,95
35060,2014,95
35060,2015,95
36420,2012,95
38390,2013,95
33370,2014,95
37070,2018,94
35060,2016,94
35060,2021,93
37070,2014,93
36370,2015,93
35060,2018,93
35060,2019,93
33350,2019,93
23010,2017,93
21040,2015,93
34320,2011,92
33370,2016,92
38390,2016,92
36370,2014,92
31080,2021,92
35060,2017,92
34370,2014,91
11020,2021,91
31380,2019,91
37070,2015,90
31080,2020,90
33370,2015,90
37070,2020,90
37090,2014,90
32070,2013,89
32310,2011,89
31380,2018,88
21120,2016,88
23010,2016,88
32310,2012,88
33370,2018,88
36370,2017,88
21010,2020,87
32310,2013,87
37070,2016,87
33350,2018,87
38350,2017,86
31380,2012,86
21040,2017,86
21040,2016,86
37090,2016,86
33370,2020,85
23030,2011,85
31380,2011,85
34370,2016,85
33350,2015,85
37070,2019,85
32310,2016,85
37090,2015,85
37090,2019,85
38390,2018,85
38390,2017,84
36040,2016,84
33350,2011,84
33370,2019,84
37090,2017,83
37090,2020,83
32310,2014,83
38390,2021,83
31110,2021,83
37070,2021,83
21030,2012,83
37090,2021,83
36370,2019,83
36370,2018,83
31380,2013,83
32310,2015,83
38320,2017,82
34370,2017,82
37090,2018,82
33370,2021,82
21030,2013,81
21040,2018,81
21030,2017,81
37370,2014,81
33350,2012,81
34370,2015,81
23010,2015,81
32310,2017,81
32310,2018,81
38340,2014,80
31380,2017,80
33350,2017,80
32070,2014,80
31380,2015,80
36370,2020,80
21040,2019,80
36420,2011,80
33370,2011,80
32310,2019,79
38340,2011,79
38340,2012,79
31110,2019,79
38390,2020,79
21030,2015,79
21030,2016,79
38320,2018,79
31380,2014,78
38390,2019,78
38320,2019,78
33350,2016,78
38340,2013,78
32070,2016,77
32070,2015,77
34370,2018,77
38320,2020,77
31380,2016,76
31110,2018,76
38320,2012,76
31110,2020,76
33350,2014,76
21040,2021,76
33350,2013,76
21030,2014,76
34330,2012,75
38320,2016,75
21040,2020,75
31110,2017,75
34370,2019,75
34370,2020,75
38320,2011,75
31110,2016,75
38340,2015,75
36370,2021,75
32070,2017,74
21120,2015,74
32310,2021,74
34330,2011,73
32310,2020,73
38320,2015,73
21030,2019,73
36440,2018,72
38320,2021,72
38330,2012,72
21010,2011,71
35380,2012,71
38340,2016,71
32050,2011,70
31110,2014,70
38340,2018,70
31110,2013,70
35380,2011,70
21030,2018,70
36440,2013,70
31370,2012,70
38330,2011,70
34370,2021,70
23010,2013,70
31110,2015,70
35380,2013,69
38340,2017,69
37400,2021,69
36410,2011,69
21030,2020,69
36040,2011,69
34340,2011,69
21010,2012,69
38320,2013,68
38340,2019,68
36440,2020,68
36040,2015,68
32070,2018,68
36440,2014,68
21030,2021,68
32070,2019,68
31110,2012,68
23010,2012,67
32070,2020,67
36440,2011,67
36440,2019,67
36440,2021,67
34340,2014,67
34340,2013,67
37400,2020,67
38330,2013,67
21010,2013,67
31370,2015,67
36440,2012,66
36440,2017,66
21010,2014,66
21010,2017,66
36040,2012,66
36440,2016,65
38330,2015,65
31370,2011,65
31370,2014,65
34330,2013,65
31370,2017,64
38340,2020,64
32070,2021,64
36400,2018,64
38340,2021,64
36400,2019,64
34340,2012,63
32050,2012,63
36400,2016,63
36400,2015,63
36040,2014,63
21010,2015,63
36040,2013,63
21010,2016,63
36410,2013,62
36410,2012,62
23010,2014,62
34330,2014,62
36400,2020,62
36400,2014,62
36400,2013,62
36400,2012,62
31370,2016,62
31110,2011,62
36400,2011,62
36440,2015,61
34070,2011,61
32360,2011,61
35370,2011,61
36400,2017,61
37420,2011,61
37420,2012,60
34340,2015,60
37400,2019,60
34070,2015,60
36400,2021,60
31370,2018,60
38380,2012,60
32360,2014,60
34070,2013,59
34340,2016,59
38330,2016,59
35370,2012,59
38360,2014,59
34070,2012,59
34330,2015,59
34070,2014,59
35370,2013,58
32050,2014,58
35380,2015,58
35380,2014,58
38330,2014,58
21010,2018,58
38380,2011,58
34070,2016,58
32360,2013,58
38330,2017,57
32360,2012,57
34330,2016,57
21010,2019,57
36410,2016,57
32360,2015,57
34380,2011,57
37420,2016,56
32050,2021,56
37420,2017,56
37420,2015,56
21010,2021,56
34340,2017,56
33390,2011,56
38330,2018,56
21120,2014,56
34070,2019,56
32050,2015,56
36410,2017,56
38360,2013,55
31370,2019,55
35380,2016,55
38380,2013,55
34070,2017,55
38360,2012,55
33330,2011,55
33390,2021,55
34070,2018,54
34340,2018,54
37420,2021,54
34380,2012,54
32050,2020,54
35370,2016,54
23020,2012,54
35380,2018,54
35380,2017,54
35370,2014,54
33390,2016,54
35370,2019,53
34330,2017,53
34330,2019,53
32360,2016,53
32050,2013,53
33390,2020,53
34070,2021,53
35380,2019,53
31370,2021,53
33390,2017,53
32360,2019,52
31370,2020,52
36350,2015,52
37420,2020,52
32360,2017,52
33390,2019,52
35370,2017,52
37330,2014,52
33390,2018,52
34380,2019,52
32050,2016,52
38380,2014,52
36350,2017,51
33390,2015,51
36350,2018,51
37420,2013,51
36350,2011,51
33390,2012,51
37420,2018,51
34070,2020,51
36350,2012,51
32050,2018,51
34330,2021,51
35370,2015,51
32360,2021,51
35380,2020,51
34380,2020,51
34340,2019,51
32050,2019,51
35380,2021,51
34330,2020,51
33390,2014,50
38350,2011,50
34330,2018,50
35370,2018,50
32360,2018,50
23310,2020,50
38330,2021,50
36350,2016,50
38330,2019,50
33390,2013,50
32050,2017,50
36350,2014,50
34380,2017,50
34380,2015,50
33330,2012,50
33330,2013,50
37420,2019,50
23310,2016,50
36350,2020,50
38380,2015,49
23020,2016,49
38330,2020,49
38360,2011,49
36450,2011,49
36410,2015,49
36410,2018,49
36460,2011,49
23310,2017,49
34340,2020,49
34380,2014,49
34380,2016,49
23310,2014,49
23310,2015,49
23310,2018,49
35370,2020,48
36350,2021,48
34380,2021,48
23310,2021,48
34380,2013,48
36460,2012,48
35370,2021,48
38350,2013,48
36410,2020,48
31350,2011,48
32360,2020,47
23310,2019,47
32320,2013,47
23020,2015,47
37400,2018,47
36450,2012,47
23020,2013,47
36460,2013,47
23020,2018,47
36350,2013,47
38350,2012,46
38380,2016,46
36350,2019,46
38350,2014,46
23310,2011,46
32320,2018,46
21120,2013,46
33340,2019,46
33340,2021,46
36410,2021,46
23020,2014,46
32320,2017,46
23020,2017,45
32320,2019,45
38350,2019,45
32320,2016,45
34340,2021,45
36410,2019,45
31350,2012,45
23020,2019,44
38380,2017,44
32340,2011,44
38350,2018,44
33340,2018,44
38350,2016,44
38350,2015,44
38350,2021,43
33340,2020,43
38400,2011,43
32320,2015,43
23020,2020,43
23310,2013,43
38360,2015,43
36450,2013,43
33330,2014,43
36360,2012,42
37360,2011,42
33340,2017,42
23310,2012,42
38400,2016,42
32320,2014,42
38360,2017,42
32320,2020,42
36460,2014,42
38350,2020,41
38400,2017,41
33340,2015,41
33330,2016,41
32320,2012,41
38400,2013,41
33330,2015,41
38360,2016,41
32340,2014,41
38400,2015,41
36360,2011,41
31350,2016,40
38400,2014,40
36450,2014,40
33340,2016,40
21120,2012,40
23020,2021,40
32340,2012,40
32340,2013,40
34310,2015,40
38380,2019,40
38380,2020,40
31350,2013,40
32320,2021,40
32320,2011,40
38400,2018,39
38400,2012,39
38380,2018,39
38380,2021,39
37400,2012,39
31350,2014,39
38360,2018,39
38360,2019,39
33340,2014,39
31350,2017,39
31350,2018,38
32350,2011,38
36450,2018,38
36450,2019,38
34310,2014,38
34310,2011,38
37400,2013,38
36450,2015,38
36450,2016,38
37360,2014,37
37360,2012,37
36460,2021,37
36460,2015,37
36360,2014,37
32330,2011,37
37350,2011,37
36390,2011,37
34310,2020,37
37400,2011,37
32340,2017,37
32330,2020,37
36390,2012,36
34310,2021,36
36360,2013,36
37400,2015,36
32340,2018,36
31350,2019,36
36460,2016,36
31350,2015,36
32340,2016,36
32330,2021,36
36450,2020,36
34310,2017,36
34310,2016,36
36450,2017,36
36360,2015,35
33330,2017,35
34310,2019,35
34310,2018,35
38360,2020,35
32390,2011,35
33340,2011,35
37400,2014,35
37380,2013,35
36460,2020,35
36450,2021,35
33340,2012,35
32340,2019,34
36460,2018,34
32390,2014,34
32330,2019,34
37380,2011,34
32350,2012,34
32340,2020,34
33340,2013,34
37360,2013,34
31350,2020,34
38360,2021,33
32390,2013,33
37350,2012,33
37350,2013,33
32340,2015,33
32330,2014,33
32350,2015,33
37400,2016,33
36460,2017,33
36460,2019,33
36360,2017,33
37380,2012,33
37400,2017,33
31350,2021,33
37360,2015,33
36390,2017,32
36320,2012,32
32350,2017,32
37380,2014,32
33330,2020,32
36360,2016,32
32350,2016,32
32330,2013,32
36380,2021,32
38400,2019,32
37360,2017,32
36390,2013,32
33330,2019,32
34310,2012,32
34310,2013,31
38400,2020,31
33330,2018,31
21120,2011,31
33320,2014,31
36320,2013,31
32390,2012,31
32390,2015,31
33320,2011,31
32330,2012,31
37350,2016,31
32330,2015,31
36380,2018,31
36390,2014,31
37350,2017,31
32350,2013,30
33330,2021,30
32340,2021,30
36390,2016,30
37380,2015,30
37350,2015,30
32350,2014,30
36390,2015,30
32390,2018,30
37350,2014,30
37380,2017,30
36320,2014,29
37360,2018,29
37360,2016,29
32370,2012,29
36320,2011,29
32330,2018,29
37360,2020,28
33320,2012,28
36390,2019,28
38400,2021,28
35360,2011,28
37380,2016,28
36360,2018,28
32330,2017,28
32390,2019,28
32330,2016,28
32380,2011,28
32350,2018,28
36380,2017,28
38370,2013,28
36380,2020,28
37350,2019,28
36390,2021,27
36310,2011,27
32370,2011,27
32370,2013,27
36390,2018,27
32390,2020,27
36360,2019,27
37350,2018,27
38370,2011,27
37360,2019,27
36470,2018,27
37360,2021,26
36320,2016,26
36320,2017,26
37380,2019,26
37380,2018,26
37350,2021,26
33320,2015,26
36360,2020,26
32370,2014,26
36380,2014,26
38370,2012,26
32390,2017,26
36380,2016,26
38370,2016,26
36380,2015,26
36380,2019,26
36470,2017,26
36390,2020,26
35360,2012,26
36430,2011,25
36380,2012,25
35350,2011,25
36380,2011,25
37380,2021,25
32350,2019,25
36320,2019,25
36330,2013,25
36330,2012,25
36330,2011,25
37380,2020,25
33320,2018,25
35360,2013,25
37370,2017,25
36320,2015,25
33320,2016,25
32390,2021,25
33320,2013,25
32410,2012,25
34350,2012,25
36380,2013,24
36430,2012,24
36470,2019,24
37370,2013,24
37350,2020,24
37370,2012,24
35350,2015,24
38370,2015,24
38370,2014,24
35350,2012,24
35350,2014,24
38370,2017,24
36330,2020,24
34350,2013,24
33320,2017,24
33320,2021,24
34350,2011,24
32410,2011,24
35350,2013,23
32380,2019,23
38370,2019,23
37370,2015,23
37370,2016,23
32410,2013,23
37370,2018,23
32390,2016,23
36470,2016,23
36360,2021,23
36470,2012,23
36320,2018,23
37330,2011,23
36330,2021,23
36310,2012,22
32410,2017,22
38370,2020,22
36470,2020,22
32410,2015,22
37370,2011,22
32410,2014,22
32400,2012,22
36470,2011,22
36470,2015,22
34350,2016,22
34350,2014,22
36330,2014,22
32400,2011,22
37320,2013,22
36430,2013,22
37320,2017,22
32370,2015,22
37320,2014,22
37410,2012,22
32380,2012,22
35350,2016,22
33320,2019,22
36330,2015,22
32410,2016,21
32380,2013,21
36470,2014,21
36330,2019,21
32380,2018,21
35360,2014,21
36470,2013,21
36320,2020,21
34350,2015,21
32350,2020,21
37320,2015,21
37320,2012,21
38310,2012,21
38310,2011,21
33320,2020,21
36470,2021,21
38370,2018,21
37320,2016,21
32410,2020,20
32410,2018,20
37410,2013,20
32370,2016,20
32380,2020,20
38310,2016,20
38310,2015,20
32350,2021,20
36320,2021,20
34350,2017,20
35360,2019,20
36310,2013,20
36330,2017,20
36430,2014,20
36430,2015,20
37370,2019,20
36330,2018,20
37320,2011,20
37330,2013,20
34350,2018,20
35360,2021,20
36430,2016,19
35360,2020,19
36430,2017,19
35360,2015,19
35360,2017,19
35330,2013,19
38370,2021,19
35330,2021,19
33380,2012,19
32410,2019,19
32370,2017,19
32370,2018,19
32370,2021,19
34350,2019,19
38310,2013,19
38310,2014,19
38310,2017,19
38310,2018,19
33380,2011,19
35360,2016,19
33380,2013,18
37320,2018,18
32380,2017,18
32380,2014,18
36330,2016,18
37370,2021,18
37370,2020,18
32400,2013,18
32370,2019,18
35330,2014,18
35330,2018,18
35330,2019,18
35360,2018,18
32380,2021,18
36310,2014,18
35330,2011,17
37330,2015,17
35330,2012,17
37330,2012,17
32410,2021,17
37410,2011,17
37320,2021,17
37320,2020,17
37320,2019,17
32400,2016,17
35330,2020,17
33380,2014,17
38310,2019,17
38310,2020,17
35350,2017,17
32380,2015,17
35350,2018,16
36430,2018,16
23010,2011,16
36430,2021,16
35330,2015,16
36310,2016,16
35350,2020,16
32370,2020,16
32400,2018,16
32400,2017,16
32400,2014,16
36310,2021,16
38310,2021,16
32380,2016,16
35350,2019,16
36310,2015,16
33360,2015,16
33360,2011,16
36430,2019,16
33360,2018,16
35340,2015,15
33360,2013,15
37410,2015,15
33360,2014,15
33380,2019,15
35330,2017,15
33360,2012,15
36430,2020,15
33360,2016,15
33360,2017,15
35340,2014,15
32400,2015,15
37410,2014,15
35340,2016,14
37330,2016,14
34350,2020,14
36310,2018,14
35320,2012,14
33380,2018,14
36310,2017,14
33380,2021,14
33380,2017,14
33380,2015,14
37330,2020,14
33380,2020,14
35340,2018,14
33360,2019,14
37410,2018,13
36310,2019,13
36310,2020,13
32400,2019,13
32400,2020,13
35340,2019,13
35340,2011,13
33360,2020,13
35330,2016,13
37410,2016,13
35320,2013,13
37330,2021,13
33380,2016,13
37410,2017,13
37330,2019,13
37330,2018,13
35320,2011,13
35340,2017,13
33360,2021,12
34350,2021,12
35350,2021,12
35340,2013,12
37340,2013,12
37410,2021,12
37410,2020,12
35340,2021,12
35340,2020,12
37410,2019,12
35340,2012,12
37330,2017,11
35320,2014,11
32400,2021,11
37310,2011,11
35320,2015,11
23020,2011,10
37430,2014,10
35320,2017,10
35320,2021,10
35320,2020,10
35320,2018,10
35320,2016,10
35320,2019,10
36480,2019,8
36480,2018,8
37340,2021,8
37310,2013,8
37340,2016,8
37310,2012,8
37310,2018,8
37310,2017,8
37310,2016,8
37340,2014,8
37340,2015,8
37340,2012,8
37340,2017,8
37310,2014,8
36480,2020,7
36480,2021,7
36480,2011,7
37340,2020,7
36480,2016,7
36480,2015,7
37340,2011,7
36480,2014,7
36480,2012,6
31370,2013,6
36480,2017,6
37310,2019,6
37310,2020,6
37310,2021,6
37310,2015,6
37340,2019,6
37340,2018,6
36480,2013,5
23320,2017,4
23320,2015,4
37430,2011,4
37430,2012,4
23320,2012,4
23320,2013,4
23320,2018,4
23320,2014,4
23320,2021,4
23320,2016,4
23320,2019,4
23320,2020,4
37430,2015,3
37430,2013,3
37430,2019,2
37430,2018,2
37430,2017,2
37430,2016,2
37430,2021,1
37430,2020,1
31320,2019,0
31320,2018,0
31320,2017,0
23090,2012,0
23090,2017,0
23090,2014,0
23090,2015,0
23090,2016,0
23090,2018,0
23090,2013,0
23320,2011,0
31320,2016,0
34390,2021,0
34390,2020,0
34320,2019,0
33010,2016,0
33010,2015,0
33010,2014,0
34320,2012,0
34320,2013,0
34320,2014,0
34320,2015,0
34320,2016,0
34320,2017,0
34320,2018,0
34320,2020,0
23090,2011,0
34320,2021,0
31320,2020,0
34390,2012,0
34390,2013,0
34390,2014,0
34390,2015,0
34390,2016,0
34390,2017,0
34390,2018,0
34390,2019,0
33010,2017,0
33010,2018,0
33010,2019,0
33010,2020,0
23030,2021,0
23030,2020,0
23030,2019,0
31320,2015,0
31320,2014,0
31280,2013,0
31280,2012,0
33310,2021,0
33310,2020,0
33310,2019,0
33310,2018,0
33310,2017,0
33310,2016,0
33310,2015,0
33310,2014,0
31280,2011,0
34080,2011,0
33040,2013,0
33040,2012,0
33040,2011,0
33010,2021,0
31320,2021,0
